0,0,0,0,0,NaN,NaN
5.189144,0,2,0,1,0.00,0.00
10.3046,1,2,0,1,0.00,50.00
15.36672,2,6,0,2,0.00,33.33
20.4401,6,6,0,2,0.00,100.00
25.45127,6,8,0,3,0.00,75.00
30.57995,8,8,0,3,0.00,100.00
35.66132,9,12,0,4,0.00,75.00
40.82536,12,20,0,5,0.00,60.00
45.85413,17,20,0,5,0.00,85.00
50.90925,20,20,0,5,0.00,100.00
56.00764,23,24,0,6,0.00,95.83
61.09541,24,24,0,6,0.00,100.00
61.8804,24,24,0,6,0.00,100.00
