0,0,0,0,0,NaN,NaN
5.001041,6,8,0,2,0.00,75.00
0,9,12,0,3,0.00,75.00
2.851614,16,24,0,7,0.00,66.67
5.006058,24,26,0,8,0.00,92.31
5.093532,24,26,0,8,0.00,92.31
