0,0,0,0,0,NaN,NaN
5.009497,0,0,0,0,NaN,NaN
0,4,4,0,1,0.00,100.00
3.084858,4,4,0,1,0.00,100.00
