0,0,0,0,0,NaN,NaN
5.077659,1,4,0,1,0.00,25.00
0,2,4,0,1,0.00,50.00
3.064493,4,4,0,1,0.00,100.00
5.095304,4,4,0,1,0.00,100.00
8.251678,4,4,0,1,0.00,100.00
10.20995,4,4,0,1,0.00,100.00
12.15406,4,4,0,1,0.00,100.00
